aasc|https://aasc.bitrix24.com|302
aabs|https://aabs.bitrix24.com|302
aaic|https://aaic.bitrix24.com|302
aais|https://aais.bitrix24.com|302
aaro|https://aaro.bitrix24.com|302
aasc|https://aasc.bitrix24.com|302
aava|https://aava.bitrix24.com|302
adem|https://adem.bitrix24.com|302
adeo|https://adeo.bitrix24.com|302
adhd|https://adhd.bitrix24.com|302
acad|https://acad.bitrix24.com|302
acud|https://acud.bitrix24.com|302
aabs|https://aabs.bitrix24.com|302
aaic|https://aaic.bitrix24.com|302
aais|https://aais.bitrix24.com|302
aaro|https://aaro.bitrix24.com|302
aasc|https://aasc.bitrix24.com|302
aava|https://aava.bitrix24.com|302
aida|https://aida.bitrix24.com|302
amac|https://amac.bitrix24.com|302
aiic|https://aiic.bitrix24.com|302
amjc|https://amjc.bitrix24.com|302
afpe|https://afpe.bitrix24.com|302
acad|https://acad.bitrix24.com|302
ajad|https://ajad.bitrix24.com|302
ajaz|https://ajaz.bitrix24.com|302
acts|https://acts.bitrix24.com|302
acud|https://acud.bitrix24.com|302
agat|https://agat.bitrix24.com|302
agec|https://agec.bitrix24.com|302
ansi|https://ansi.bitrix24.com|302
agni|https://agni.bitrix24.com|302
agro|https://agro.bitrix24.com|302
adeo|https://adeo.bitrix24.com|302
adem|https://adem.bitrix24.com|302
adhd|https://adhd.bitrix24.com|302
akin|https://akin.bitrix24.com|302
aolf|https://aolf.bitrix24.com|302
aopa|https://aopa.bitrix24.com|302
apqs|https://apqs.bitrix24.com|302
aabs|https://aabs.bitrix24.com|302
aais|https://aais.bitrix24.com|302
aiic|https://aiic.bitrix24.com|302
aava|https://aava.bitrix24.com|302
ajaz|https://ajaz.bitrix24.com|302
bedc|https://bedc.bitrix24.com|302
beam|https://beam.bitrix24.com|302
arik|https://arik.bitrix24.com|302
acad|https://acad.bitrix24.com|302
beon|https://beon.bitrix24.com|302
arts|https://arts.bitrix24.com|302
azym|https://azym.bitrix24.com|302
asik|https://asik.bitrix24.com|302
asko|https://asko.bitrix24.com|302
adem|https://adem.bitrix24.com|302
assa|https://assa.bitrix24.com|302
adhd|https://adhd.bitrix24.com|302
aldi|https://aldi.bitrix24.com|302
algo|https://algo.bitrix24.com|302
alhs|https://alhs.bitrix24.com|302
aloe|https://aloe.bitrix24.com|302
aabs|https://aabs.bitrix24.com|302
aais|https://aais.bitrix24.com|302
aida|https://aida.bitrix24.com|302
aiic|https://aiic.bitrix24.com|302
aava|https://aava.bitrix24.com|302
ajaz|https://ajaz.bitrix24.com|302
arik|https://arik.bitrix24.com|302
bell|https://bell.bitrix24.com|302
beon|https://beon.bitrix24.com|302
acad|https://acad.bitrix24.com|302
beta|https://beta.bitrix24.com|302
arts|https://arts.bitrix24.com|302
aabs|https://aabs.bitrix24.com|302
aasc|https://aasc.bitrix24.com|302
aabs|https://aabs.bitrix24.com|302
aais|https://aais.bitrix24.com|302
aaic|https://aaic.bitrix24.com|302
aiic|https://aiic.bitrix24.com|302
aava|https://aava.bitrix24.com|302
amac|https://amac.bitrix24.com|302
aais|https://aais.bitrix24.com|302
atos|https://atos.bitrix24.com|302
aida|https://aida.bitrix24.com|302
amac|https://amac.bitrix24.com|302
aiic|https://aiic.bitrix24.com|302
aava|https://aava.bitrix24.com|302
afpe|https://afpe.bitrix24.com|302
arda|https://arda.bitrix24.com|302
arik|https://arik.bitrix24.com|302
arms|https://arms.bitrix24.com|302
acad|https://acad.bitrix24.com|302
agat|https://agat.bitrix24.com|302
arts|https://arts.bitrix24.com|302
agec|https://agec.bitrix24.com|302
aasc|https://aasc.bitrix24.com|302
apqs|https://apqs.bitrix24.com|302
aabs|https://aabs.bitrix24.com|302
aaic|https://aaic.bitrix24.com|302
aida|https://aida.bitrix24.com|302
atos|https://atos.bitrix24.com|302
aasc|https://aasc.bitrix24.com|302
aava|https://aava.bitrix24.com|302
arms|https://arms.bitrix24.com|302
acad|https://acad.bitrix24.com|302
ansi|https://ansi.bitrix24.com|302
arts|https://arts.bitrix24.com|302
agat|https://agat.bitrix24.com|302
ascc|https://ascc.bitrix24.com|302
asam|https://asam.bitrix24.com|302
acts|https://acts.bitrix24.com|302
acud|https://acud.bitrix24.com|302
akin|https://akin.bitrix24.com|302
asbz|https://asbz.bitrix24.com|302
agro|https://agro.bitrix24.com|302
assa|https://assa.bitrix24.com|302
adhd|https://adhd.bitrix24.com|302
algo|https://algo.bitrix24.com|302
atad|https://atad.bitrix24.com|302
alhs|https://alhs.bitrix24.com|302
apdi|https://apdi.bitrix24.com|302
apex|https://apex.bitrix24.com|302
aloe|https://aloe.bitrix24.com|302
axel|https://axel.bitrix24.com|302
bhvc|https://bhvc.bitrix24.com|302
baby|https://baby.bitrix24.com|302
bahd|https://bahd.bitrix24.com|302
bauf|https://bauf.bitrix24.com|302
beon|https://beon.bitrix24.com|302
beta|https://beta.bitrix24.com|302
bits|https://bits.bitrix24.com|302
bbbc|https://bbbc.bitrix24.com|302
bbey|https://bbey.bitrix24.com|302
azym|https://azym.bitrix24.com|302
bi24|https://bi24.bitrix24.com|302
bwjs|https://bwjs.bitrix24.com|302
bpdo|https://bpdo.bitrix24.com|302
btba|https://btba.bitrix24.com|302
bpro|https://bpro.bitrix24.com|302
bmed|https://bmed.bitrix24.com|302
bmds|https://bmds.bitrix24.com|302
brdn|https://brdn.bitrix24.com|302
b612|https://b612.bitrix24.com|302
boft|https://boft.bitrix24.com|302
cbsl|https://cbsl.bitrix24.com|302
ccwm|https://ccwm.bitrix24.com|302
csag|https://csag.bitrix24.com|302
corp|https://corp.bitrix24.com|302
cg88|https://cg88.bitrix24.com|302
cteg|https://cteg.bitrix24.com|302
cedx|https://cedx.bitrix24.com|302
cape|https://cape.bitrix24.com|302
cts1|https://cts1.bitrix24.com|302
dafm|https://dafm.bitrix24.com|302
deca|https://deca.bitrix24.com|302
dapp|https://dapp.bitrix24.com|302
dema|https://dema.bitrix24.com|302
dgid|https://dgid.bitrix24.com|302
dhab|https://dhab.bitrix24.com|302
cyno|https://cyno.bitrix24.com|302
dmcb|https://dmcb.bitrix24.com|302
dmh1|https://dmh1.bitrix24.com|302
dmsl|https://dmsl.bitrix24.com|302
duan|https://duan.bitrix24.com|302
duet|https://duet.bitrix24.com|302
dnex|https://dnex.bitrix24.com|302
doit|https://doit.bitrix24.com|302
eden|https://eden.bitrix24.com|302
elbe|https://elbe.bitrix24.com|302
epic|https://epic.bitrix24.com|302
easi|https://easi.bitrix24.com|302
emex|https://emex.bitrix24.com|302
emma|https://emma.bitrix24.com|302
emrn|https://emrn.bitrix24.com|302
eqon|https://eqon.bitrix24.com|302
eqvn|https://eqvn.bitrix24.com|302
ejje|https://ejje.bitrix24.com|302
enta|https://enta.bitrix24.com|302
ecsa|https://ecsa.bitrix24.com|302
escs|https://escs.bitrix24.com|302
eslt|https://eslt.bitrix24.com|302
